{"assets/fonts/iconfont.ttf":["assets/fonts/iconfont.ttf"],"assets/images/ic_logo_round.webp":["assets/images/ic_logo_round.webp"],"assets/images/ic_powered.webp":["assets/images/ic_powered.webp"],"assets/images/ic_slogan.webp":["assets/images/ic_slogan.webp"],"assets/images/pay.png":["assets/images/pay.png"],"assets/images/share/ic_browser.png":["assets/images/share/ic_browser.png"],"assets/images/share/ic_card.png":["assets/images/share/ic_card.png"],"assets/images/share/ic_copy_link.png":["assets/images/share/ic_copy_link.png"],"assets/images/share/ic_ding_talk.png":["assets/images/share/ic_ding_talk.png"],"assets/images/share/ic_more.png":["assets/images/share/ic_more.png"],"assets/images/share/ic_qq.png":["assets/images/share/ic_qq.png"],"assets/images/share/ic_we_chat.png":["assets/images/share/ic_we_chat.png"],"assets/images/share/ic_we_chat_timeline.png":["assets/images/share/ic_we_chat_timeline.png"],"assets/images/share/ic_we_work.png":["assets/images/share/ic_we_work.png"],"assets/images/share/ic_wei_bo.png":["assets/images/share/ic_wei_bo.png"],"assets/images/title.png":["assets/images/title.png"],"assets/images/user.jpg":["assets/images/user.jpg"],"packages/cupertino_icons/assets/CupertinoIcons.ttf":["packages/cupertino_icons/assets/CupertinoIcons.ttf"]}